-- MySQL dump 10.13  Distrib 5.5.35, for debian-linux-gnu (x86_64)
--
-- Host: localhost    Database: hospital_mgt
-- ------------------------------------------------------
-- Server version	5.5.35-0ubuntu0.12.04.2

/*!40101 SET @OLD_CHARACTER_SET_CLIENT=@@CHARACTER_SET_CLIENT */;
/*!40101 SET @OLD_CHARACTER_SET_RESULTS=@@CHARACTER_SET_RESULTS */;
/*!40101 SET @OLD_COLLATION_CONNECTION=@@COLLATION_CONNECTION */;
/*!40101 SET NAMES utf8 */;
/*!40103 SET @OLD_TIME_ZONE=@@TIME_ZONE */;
/*!40103 SET TIME_ZONE='+00:00' */;
/*!40014 SET @OLD_UNIQUE_CHECKS=@@UNIQUE_CHECKS, UNIQUE_CHECKS=0 */;
/*!40014 SET @OLD_FOREIGN_KEY_CHECKS=@@FOREIGN_KEY_CHECKS, FOREIGN_KEY_CHECKS=0 */;
/*!40101 SET @OLD_SQL_MODE=@@SQL_MODE, SQL_MODE='NO_AUTO_VALUE_ON_ZERO' */;
/*!40111 SET @OLD_SQL_NOTES=@@SQL_NOTES, SQL_NOTES=0 */;

--
-- Table structure for table `city_master`
--

DROP TABLE IF EXISTS `city_master`;
/*!40101 SET @saved_cs_client     = @@character_set_client */;
/*!40101 SET character_set_client = utf8 */;
CREATE TABLE `city_master` (
  `city_id` int(20) NOT NULL,
  `city_name` varchar(30) DEFAULT NULL,
  `state_id` int(10) DEFAULT NULL,
  PRIMARY KEY (`city_id`),
  KEY `state_id` (`state_id`),
  CONSTRAINT `city_master_ibfk_1` FOREIGN KEY (`state_id`) REFERENCES `state_master` (`state_id`)
) ENGINE=InnoDB DEFAULT CHARSET=latin1;
/*!40101 SET character_set_client = @saved_cs_client */;

--
-- Dumping data for table `city_master`
--

LOCK TABLES `city_master` WRITE;
/*!40000 ALTER TABLE `city_master` DISABLE KEYS */;
INSERT INTO `city_master` VALUES (1,'Aurangabad',2),(2,'Behraich',7),(3,'Faizabad',7),(4,'Gorakhpur',7),(5,'Lucknow',7),(6,'Gurgaon',4),(7,'Patna',2),(8,'Dispur',1),(9,'Gwalior',6),(10,'Jammu',5);
/*!40000 ALTER TABLE `city_master` ENABLE KEYS */;
UNLOCK TABLES;

--
-- Table structure for table `college_info`
--

DROP TABLE IF EXISTS `college_info`;
/*!40101 SET @saved_cs_client     = @@character_set_client */;
/*!40101 SET character_set_client = utf8 */;
CREATE TABLE `college_info` (
  `college_id` int(10) NOT NULL,
  `college_name` varchar(40) DEFAULT NULL,
  `college_location` varchar(40) DEFAULT NULL,
  `desk_no` varchar(20) DEFAULT NULL,
  `city_id` int(20) DEFAULT NULL,
  PRIMARY KEY (`college_id`),
  KEY `city_id` (`city_id`),
  CONSTRAINT `college_info_ibfk_1` FOREIGN KEY (`city_id`) REFERENCES `city_master` (`city_id`)
) ENGINE=InnoDB DEFAULT CHARSET=latin1;
/*!40101 SET character_set_client = @saved_cs_client */;

--
-- Dumping data for table `college_info`
--

LOCK TABLES `college_info` WRITE;
/*!40000 ALTER TABLE `college_info` DISABLE KEYS */;
INSERT INTO `college_info` VALUES (1,'Integral University','Dasauli, Kursi Road','9878921234',5),(2,'BBD University','Chinhat','9876787656',5);
/*!40000 ALTER TABLE `college_info` ENABLE KEYS */;
UNLOCK TABLES;

--
-- Table structure for table `country_master`
--

DROP TABLE IF EXISTS `country_master`;
/*!40101 SET @saved_cs_client     = @@character_set_client */;
/*!40101 SET character_set_client = utf8 */;
CREATE TABLE `country_master` (
  `country_id` int(10) NOT NULL,
  `country_name` varchar(20) DEFAULT NULL,
  PRIMARY KEY (`country_id`)
) ENGINE=InnoDB DEFAULT CHARSET=latin1;
/*!40101 SET character_set_client = @saved_cs_client */;

--
-- Dumping data for table `country_master`
--

LOCK TABLES `country_master` WRITE;
/*!40000 ALTER TABLE `country_master` DISABLE KEYS */;
INSERT INTO `country_master` VALUES (1,'Afganistan'),(2,'Bangladesh'),(3,'China'),(4,'Denmark'),(5,'India');
/*!40000 ALTER TABLE `country_master` ENABLE KEYS */;
UNLOCK TABLES;

--
-- Table structure for table `doctors_info`
--

DROP TABLE IF EXISTS `doctors_info`;
/*!40101 SET @saved_cs_client     = @@character_set_client */;
/*!40101 SET character_set_client = utf8 */;
CREATE TABLE `doctors_info` (
  `doctor_id` int(10) NOT NULL,
  `doctor_name` varchar(20) DEFAULT NULL,
  `gender` varchar(20) DEFAULT NULL,
  `doctor_degree` varchar(20) DEFAULT NULL,
  `hospital_id` int(10) DEFAULT NULL,
  `expertise` varchar(20) DEFAULT NULL,
  `contact_no` varchar(20) DEFAULT NULL,
  `availability` varchar(20) DEFAULT NULL,
  PRIMARY KEY (`doctor_id`),
  KEY `hospital_id` (`hospital_id`),
  CONSTRAINT `doctors_info_ibfk_1` FOREIGN KEY (`hospital_id`) REFERENCES `hospital_info` (`hospital_id`)
) ENGINE=InnoDB DEFAULT CHARSET=latin1;
/*!40101 SET character_set_client = @saved_cs_client */;

--
-- Dumping data for table `doctors_info`
--

LOCK TABLES `doctors_info` WRITE;
/*!40000 ALTER TABLE `doctors_info` DISABLE KEYS */;
INSERT INTO `doctors_info` VALUES (1,'Mr Sumit Aggarwal','Male','MBBS',1,'Dermotoligist','9856432112','10AM to 2PM'),(2,'Mrs Rambha Diwedi','Female','MD',1,'Gynacoligist','8856430909','10AM to 11AM AND 2PM'),(3,'Mr Amit Kumar','Male','MD',2,'Bone Specialist','8654300980','10AM to 1PM'),(4,'Miss Anjali Desai','Female','MBBS',2,'Genral Physition','9054300000','10AM to 1PM AND 3PM '),(5,'Mr Bhattcharya','Male','MD, MPhil',3,'Neorologist','8867300123','10AM to 1PM AND 5PM ');
/*!40000 ALTER TABLE `doctors_info` ENABLE KEYS */;
UNLOCK TABLES;

--
-- Table structure for table `hospital_info`
--

DROP TABLE IF EXISTS `hospital_info`;
/*!40101 SET @saved_cs_client     = @@character_set_client */;
/*!40101 SET character_set_client = utf8 */;
CREATE TABLE `hospital_info` (
  `hospital_id` int(10) NOT NULL,
  `hospital_name` varchar(30) DEFAULT NULL,
  `hospital_location` varchar(40) DEFAULT NULL,
  `city_id` int(20) DEFAULT NULL,
  `desk_no` varchar(20) DEFAULT NULL,
  `emergency_service` int(10) DEFAULT NULL,
  `ambulance_facility` int(10) DEFAULT NULL,
  PRIMARY KEY (`hospital_id`),
  KEY `city_id` (`city_id`),
  CONSTRAINT `hospital_info_ibfk_1` FOREIGN KEY (`city_id`) REFERENCES `city_master` (`city_id`)
) ENGINE=InnoDB DEFAULT CHARSET=latin1;
/*!40101 SET character_set_client = @saved_cs_client */;

--
-- Dumping data for table `hospital_info`
--

LOCK TABLES `hospital_info` WRITE;
/*!40000 ALTER TABLE `hospital_info` DISABLE KEYS */;
INSERT INTO `hospital_info` VALUES (1,'Integral Hospital','Dasauli, Adjecent to Integral University',5,'9076543344',1,1),(2,'LifeLine Hospital','Vikas Nagar, 1km from Theri pulia chowk',5,'8876541231',0,0),(3,'Aliganj Hospital','Aliganj',5,'7776541231',0,1);
/*!40000 ALTER TABLE `hospital_info` ENABLE KEYS */;
UNLOCK TABLES;

--
-- Table structure for table `hostel_info`
--

DROP TABLE IF EXISTS `hostel_info`;
/*!40101 SET @saved_cs_client     = @@character_set_client */;
/*!40101 SET character_set_client = utf8 */;
CREATE TABLE `hostel_info` (
  `hostel_id` int(10) NOT NULL,
  `hostel_name` varchar(30) DEFAULT NULL,
  `hostel_location` varchar(40) DEFAULT NULL,
  `city_id` int(20) DEFAULT NULL,
  `no_of_floors` int(10) DEFAULT NULL,
  `can_occupy` int(20) DEFAULT NULL,
  `contact_person` varchar(20) DEFAULT NULL,
  `desk_no` varchar(20) DEFAULT NULL,
  `college_id` int(10) DEFAULT NULL,
  PRIMARY KEY (`hostel_id`),
  KEY `city_id` (`city_id`),
  KEY `college_id` (`college_id`),
  CONSTRAINT `hostel_info_ibfk_1` FOREIGN KEY (`city_id`) REFERENCES `city_master` (`city_id`),
  CONSTRAINT `hostel_info_ibfk_2` FOREIGN KEY (`college_id`) REFERENCES `college_info` (`college_id`)
) ENGINE=InnoDB DEFAULT CHARSET=latin1;
/*!40101 SET character_set_client = @saved_cs_client */;

--
-- Dumping data for table `hostel_info`
--

LOCK TABLES `hostel_info` WRITE;
/*!40000 ALTER TABLE `hostel_info` DISABLE KEYS */;
INSERT INTO `hostel_info` VALUES (1,'New Girls Hostel','Dasauli, Infront of Gate no 2',5,8,1232,'Miss Zubaida Siddiqu','9876432345',1),(2,'Integral Boys Hostel','Dasauli',5,5,750,'Imtiyaz Khan','8767009121',1);
/*!40000 ALTER TABLE `hostel_info` ENABLE KEYS */;
UNLOCK TABLES;

--
-- Table structure for table `medical_emergency`
--

DROP TABLE IF EXISTS `medical_emergency`;
/*!40101 SET @saved_cs_client     = @@character_set_client */;
/*!40101 SET character_set_client = utf8 */;
CREATE TABLE `medical_emergency` (
  `report_id` int(50) DEFAULT NULL,
  `problem_id` int(10) DEFAULT NULL,
  `student_id` int(50) DEFAULT NULL,
  `doctor_id` int(10) DEFAULT NULL,
  `reporting_date` date DEFAULT NULL,
  `reporting_time` time DEFAULT NULL,
  `status` int(10) DEFAULT NULL,
  `remarks` varchar(50) DEFAULT NULL,
  `descharge_date` date DEFAULT NULL,
  `descharge_time` time DEFAULT NULL,
  KEY `problem_id` (`problem_id`),
  KEY `student_id` (`student_id`),
  KEY `doctor_id` (`doctor_id`),
  CONSTRAINT `medical_emergency_ibfk_1` FOREIGN KEY (`problem_id`) REFERENCES `problem_master` (`problem_id`),
  CONSTRAINT `medical_emergency_ibfk_2` FOREIGN KEY (`student_id`) REFERENCES `student_info` (`student_id`),
  CONSTRAINT `medical_emergency_ibfk_3` FOREIGN KEY (`doctor_id`) REFERENCES `doctors_info` (`doctor_id`)
) ENGINE=InnoDB DEFAULT CHARSET=latin1;
/*!40101 SET character_set_client = @saved_cs_client */;

--
-- Dumping data for table `medical_emergency`
--

LOCK TABLES `medical_emergency` WRITE;
/*!40000 ALTER TABLE `medical_emergency` DISABLE KEYS */;
INSERT INTO `medical_emergency` VALUES (1,3,2,3,'2015-01-03','10:00:00',0,NULL,NULL,NULL),(2,3,3,5,'2015-02-10','09:20:00',1,'Patient is just fine now','2015-02-15','15:30:00');
/*!40000 ALTER TABLE `medical_emergency` ENABLE KEYS */;
UNLOCK TABLES;

--
-- Table structure for table `problem_master`
--

DROP TABLE IF EXISTS `problem_master`;
/*!40101 SET @saved_cs_client     = @@character_set_client */;
/*!40101 SET character_set_client = utf8 */;
CREATE TABLE `problem_master` (
  `problem_id` int(10) NOT NULL,
  `problem_name` varchar(20) DEFAULT NULL,
  `problem_description` varchar(50) DEFAULT NULL,
  `problem_priority` varchar(20) DEFAULT NULL,
  PRIMARY KEY (`problem_id`)
) ENGINE=InnoDB DEFAULT CHARSET=latin1;
/*!40101 SET character_set_client = @saved_cs_client */;

--
-- Dumping data for table `problem_master`
--

LOCK TABLES `problem_master` WRITE;
/*!40000 ALTER TABLE `problem_master` DISABLE KEYS */;
INSERT INTO `problem_master` VALUES (1,'Cough','It happens when season changes','Low'),(2,'Headech','Occurs due to cold or may be due to tension','Low'),(3,'Fracture','Due to some kind of accident','medium'),(4,'Severe Injury','due to some bad accident','High'),(5,'Swine Flu','Spreads through contact','High');
/*!40000 ALTER TABLE `problem_master` ENABLE KEYS */;
UNLOCK TABLES;

--
-- Table structure for table `state_master`
--

DROP TABLE IF EXISTS `state_master`;
/*!40101 SET @saved_cs_client     = @@character_set_client */;
/*!40101 SET character_set_client = utf8 */;
CREATE TABLE `state_master` (
  `state_id` int(10) NOT NULL,
  `state_name` varchar(20) DEFAULT NULL,
  `country_id` int(10) DEFAULT NULL,
  PRIMARY KEY (`state_id`),
  KEY `country_id` (`country_id`),
  CONSTRAINT `state_master_ibfk_1` FOREIGN KEY (`country_id`) REFERENCES `country_master` (`country_id`)
) ENGINE=InnoDB DEFAULT CHARSET=latin1;
/*!40101 SET character_set_client = @saved_cs_client */;

--
-- Dumping data for table `state_master`
--

LOCK TABLES `state_master` WRITE;
/*!40000 ALTER TABLE `state_master` DISABLE KEYS */;
INSERT INTO `state_master` VALUES (1,'Assam',5),(2,'Bihar',5),(3,'Chattisgarh',5),(4,'Haryana',5),(5,'Jammu & Kashmir',5),(6,'Madhya Pradesh',5),(7,'Uttar Pradesh',5);
/*!40000 ALTER TABLE `state_master` ENABLE KEYS */;
UNLOCK TABLES;

--
-- Table structure for table `student_info`
--

DROP TABLE IF EXISTS `student_info`;
/*!40101 SET @saved_cs_client     = @@character_set_client */;
/*!40101 SET character_set_client = utf8 */;
CREATE TABLE `student_info` (
  `student_id` int(50) NOT NULL,
  `student_name` varchar(30) DEFAULT NULL,
  `student_parent_name` varchar(30) DEFAULT NULL,
  `student_parent_contact` varchar(20) DEFAULT NULL,
  `student_home_location` varchar(30) DEFAULT NULL,
  `city_id` int(20) DEFAULT NULL,
  `college_id` int(10) DEFAULT NULL,
  `hostel_id` int(10) DEFAULT NULL,
  `student_contact_no` varchar(20) DEFAULT NULL,
  `student_floor_no` int(10) DEFAULT NULL,
  `student_room_no` int(10) DEFAULT NULL,
  `warden_id` int(10) DEFAULT NULL,
  PRIMARY KEY (`student_id`),
  KEY `city_id` (`city_id`),
  KEY `college_id` (`college_id`),
  KEY `hostel_id` (`hostel_id`),
  KEY `warden_id` (`warden_id`),
  CONSTRAINT `student_info_ibfk_1` FOREIGN KEY (`city_id`) REFERENCES `city_master` (`city_id`),
  CONSTRAINT `student_info_ibfk_2` FOREIGN KEY (`college_id`) REFERENCES `college_info` (`college_id`),
  CONSTRAINT `student_info_ibfk_3` FOREIGN KEY (`hostel_id`) REFERENCES `hostel_info` (`hostel_id`),
  CONSTRAINT `student_info_ibfk_4` FOREIGN KEY (`warden_id`) REFERENCES `warden_info` (`warden_id`)
) ENGINE=InnoDB DEFAULT CHARSET=latin1;
/*!40101 SET character_set_client = @saved_cs_client */;

--
-- Dumping data for table `student_info`
--

LOCK TABLES `student_info` WRITE;
/*!40000 ALTER TABLE `student_info` DISABLE KEYS */;
INSERT INTO `student_info` VALUES (1,'Eti Ranjan','Mr Ranjan','9087678976','Amausi',5,1,1,'8976545411',2,212,1),(2,'Rukhsar Fatima','Mr Khan','9078971162','Patna City',7,1,1,'9999545441',1,113,3),(3,'Sita Bharadwaj','Mr Bharadwaj','8872171144','Bada Bazar',4,1,1,'8747045131',2,212,1),(4,'Sadaf Jahan','Mr Siddiqui','9472171121','Daak Bangla',2,1,1,'9023047831',2,212,1),(5,'Riddhi Srivastava','Mr Srivastava','8098761232','Engineering College Chowk',5,1,1,'9076483212',1,113,3),(6,'Shaheena Praween','Mr Ahmad','9998761209','Bhoot Bangla',1,1,1,'8006483277',4,425,4),(7,'Nigar Fatma','Mr Shekh','8098761111','Theri Pulia',3,1,1,'9996483765',4,425,4);
/*!40000 ALTER TABLE `student_info` ENABLE KEYS */;
UNLOCK TABLES;

--
-- Table structure for table `warden_info`
--

DROP TABLE IF EXISTS `warden_info`;
/*!40101 SET @saved_cs_client     = @@character_set_client */;
/*!40101 SET character_set_client = utf8 */;
CREATE TABLE `warden_info` (
  `warden_id` int(10) NOT NULL,
  `warden_name` varchar(20) DEFAULT NULL,
  `warden_gender` varchar(20) DEFAULT NULL,
  `warden_contact_no` varchar(20) DEFAULT NULL,
  `warden_home_add` varchar(50) DEFAULT NULL,
  `city_id` int(20) DEFAULT NULL,
  PRIMARY KEY (`warden_id`),
  KEY `city_id` (`city_id`),
  CONSTRAINT `warden_info_ibfk_1` FOREIGN KEY (`city_id`) REFERENCES `city_master` (`city_id`)
) ENGINE=InnoDB DEFAULT CHARSET=latin1;
/*!40101 SET character_set_client = @saved_cs_client */;

--
-- Dumping data for table `warden_info`
--

LOCK TABLES `warden_info` WRITE;
/*!40000 ALTER TABLE `warden_info` DISABLE KEYS */;
INSERT INTO `warden_info` VALUES (1,'Hadiba Khan','Female','9809675654','H.No:223,Aliganj',5),(2,'Anil Biswas','Male','8789876756','H.No:21,Patna city',7),(3,'Roshan Jahan','Female','9823435656','Kapoorthala',5),(4,'Rukhsar Fatima','Female','8767894323','Chowk',9);
/*!40000 ALTER TABLE `warden_info` ENABLE KEYS */;
UNLOCK TABLES;
/*!40103 SET TIME_ZONE=@OLD_TIME_ZONE */;

/*!40101 SET SQL_MODE=@OLD_SQL_MODE */;
/*!40014 SET FOREIGN_KEY_CHECKS=@OLD_FOREIGN_KEY_CHECKS */;
/*!40014 SET UNIQUE_CHECKS=@OLD_UNIQUE_CHECKS */;
/*!40101 SET CHARACTER_SET_CLIENT=@OLD_CHARACTER_SET_CLIENT */;
/*!40101 SET CHARACTER_SET_RESULTS=@OLD_CHARACTER_SET_RESULTS */;
/*!40101 SET COLLATION_CONNECTION=@OLD_COLLATION_CONNECTION */;
/*!40111 SET SQL_NOTES=@OLD_SQL_NOTES */;

-- Dump completed on 2015-02-25 16:00:56
